Instrument Serial Num,Reading #,Date,Time,Method Name,User Factor Name,Test Label,Collimation Status,Latitude,Longitude,Units,Mg Compound,Mg Compound Level,Mg Compound Error,Mg Concentration,Mg Error1s,Al Compound,Al Compound Level,Al Compound Error,Al Concentration,Al Error1s,Si Compound,Si Compound Level,Si Compound Error,Si Concentration,Si Error1s,P Compound,P Compound Level,P Compound Error,P Concentration,P Error1s,S Compound,S Compound Level,S Compound Error,S Concentration,S Error1s,K Compound,K Compound Level,K Compound Error,K Concentration,K Error1s,Ca Compound,Ca Compound Level,Ca Compound Error,Ca Concentration,Ca Error1s,Ti Compound,Ti Compound Level,Ti Compound Error,Ti Concentration,Ti Error1s,V Compound,V Compound Level,V Compound Error,V Concentration,V Error1s,Cr Compound,Cr Compound Level,Cr Compound Error,Cr Concentration,Cr Error1s,Mn Compound,Mn Compound Level,Mn Compound Error,Mn Concentration,Mn Error1s,Fe Compound,Fe Compound Level,Fe Compound Error,Fe Concentration,Fe Error1s,Co Compound,Co Compound Level,Co Compound Error,Co Concentration,Co Error1s,Ni Compound,Ni Compound Level,Ni Compound Error,Ni Concentration,Ni Error1s,Cu Compound,Cu Compound Level,Cu Compound Error,Cu Concentration,Cu Error1s,Zn Compound,Zn Compound Level,Zn Compound Error,Zn Concentration,Zn Error1s,As Compound,As Compound Level,As Compound Error,As Concentration,As Error1s,Se Compound,Se Compound Level,Se Compound Error,Se Concentration,Se Error1s,Rb Compound,Rb Compound Level,Rb Compound Error,Rb Concentration,Rb Error1s,Sr Compound,Sr Compound Level,Sr Compound Error,Sr Concentration,Sr Error1s,Y Compound,Y Compound Level,Y Compound Error,Y Concentration,Y Error1s,Zr Compound,Zr Compound Level,Zr Compound Error,Zr Concentration,Zr Error1s,Nb Compound,Nb Compound Level,Nb Compound Error,Nb Concentration,Nb Error1s,Mo Compound,Mo Compound Level,Mo Compound Error,Mo Concentration,Mo Error1s,Ag Compound,Ag Compound Level,Ag Compound Error,Ag Concentration,Ag Error1s,Cd Compound,Cd Compound Level,Cd Compound Error,Cd Concentration,Cd Error1s,Sn Compound,Sn Compound Level,Sn Compound Error,Sn Concentration,Sn Error1s,Sb Compound,Sb Compound Level,Sb Compound Error,Sb Concentration,Sb Error1s,Te Compound,Te Compound Level,Te Compound Error,Te Concentration,Te Error1s,W Compound,W Compound Level,W Compound Error,W Concentration,W Error1s,Au Compound,Au Compound Level,Au Compound Error,Au Concentration,Au Error1s,Hg Compound,Hg Compound Level,Hg Compound Error,Hg Concentration,Hg Error1s,Pb Compound,Pb Compound Level,Pb Compound Error,Pb Concentration,Pb Error1s,Bi Compound,Bi Compound Level,Bi Compound Error,Bi Concentration,Bi Error1s,Th Compound,Th Compound Level,Th Compound Error,Th Concentration,Th Error1s,U Compound,U Compound Level,U Compound Error,U Concentration,U Error1s,LE Compound,LE Compound Level,LE Compound Error,LE Concentration,LE Error1s,Notes,Operator,Project No.,Sample ID,Sample Type,Real Time 1,Real Time 2
801054,7,2018-11-24,21:01:06,Geochem(2),,7,No,,,PPM,,,,0,7040,,,,63634,926,,,,251787,1033,,,,497,75,,,,777,45,,,,21723,107,,,,21188,98,,,,3612,112,,,,72,12,,,,0,53,,,,689,22,,,,27083,133,,,,0,126,,,,55,5,,,,149,5,,,,453,7,,,,70,8,,,,0,9,,,,121,2,,,,237,2,,,,40,2,,,,300,3,,,,23,1,,,,0,56,,,,0,312,,,,53,8,,,,0,612,,,,53,14,,,,54,10,,,,0,160,,,,0,71,,,,11,3,,,,1499,11,,,,0,154,,,,16,4,,,,0,94,,,,605804,1500,blank,NHW,blank,1,blank,30,30
801054,8,2018-11-24,21:02:55,Geochem(2),,8,No,,,PPM,,,,0,7031,,,,62926,923,,,,252012,1037,,,,392,75,,,,817,46,,,,22451,110,,,,21911,101,,,,3428,110,,,,116,13,,,,0,54,,,,705,23,,,,28182,138,,,,0,129,,,,49,5,,,,164,6,,,,456,7,,,,93,8,,,,3,1,,,,122,2,,,,238,2,,,,39,2,,,,308,3,,,,24,1,,,,0,56,,,,0,312,,,,50,8,,,,0,615,,,,0,834,,,,74,10,,,,0,166,,,,0,72,,,,18,3,,,,1532,11,,,,0,155,,,,15,4,,,,0,93,,,,603874,1511,blank,NHW,blank,1,blank,30,30
801054,9,2018-11-24,21:09:38,Geochem(2),,9,No,,,PPM,,,,0,4739,,,,87480,899,,,,313433,1033,,,,1093,78,,,,647,42,,,,18885,89,,,,25648,101,,,,5152,123,,,,165,14,,,,76,17,,,,304,17,,,,30843,131,,,,0,130,,,,58,5,,,,76,4,,,,103,3,,,,32,3,,,,0,6,,,,44,1,,,,869,4,,,,9,1,,,,162,2,,,,5,1,,,,0,52,,,,0,306,,,,0,371,,,,0,613,,,,0,831,,,,150,9,,,,0,108,,,,0,45,,,,0,56,,,,149,3,,,,0,143,,,,13,4,,,,0,101,,,,514605,1438,Princeton river,NHW,Princeton river,1,Geo,30,30
801054,10,2018-11-24,21:12:47,Geochem(2),,10,No,,,PPM,,,,0,5703,,,,76006,912,,,,282355,1036,,,,1277,81,,,,0,92,,,,18731,93,,,,27352,112,,,,5051,126,,,,183,14,,,,64,17,,,,841,24,,,,26291,124,,,,0,124,,,,62,5,,,,71,4,,,,85,3,,,,0,13,,,,0,7,,,,46,1,,,,876,5,,,,8,1,,,,161,2,,,,6,1,,,,0,55,,,,0,321,,,,0,390,,,,0,644,,,,0,875,,,,164,10,,,,0,105,,,,0,42,,,,7,2,,,,16,2,,,,0,149,,,,13,4,,,,0,104,,,,560334,1474,Princeton river,NHW,Princeton river,1,Geo,30,30
801054,11,2018-11-24,21:17:27,Geochem(2),,11,No,,,PPM,,,,0,5082,,,,84016,898,,,,309927,1049,,,,1125,79,,,,490,42,,,,18527,90,,,,25273,102,,,,4983,123,,,,166,14,,,,74,17,,,,314,17,,,,33067,141,,,,0,136,,,,69,5,,,,78,4,,,,105,4,,,,35,3,,,,0,7,,,,42,1,,,,851,4,,,,11,1,,,,159,2,,,,7,1,,,,0,52,,,,0,309,,,,0,376,,,,0,623,,,,0,842,,,,161,10,,,,0,112,,,,0,46,,,,0,58,,,,198,4,,,,0,144,,,,0,193,,,,0,100,,,,520324,1466,Princeton river,NHW,Princeton river,1,Geo,30,30
801054,12,2018-11-24,21:20:39,Geochem(2),,12,No,,,PPM,,,,0,4524,,,,68210,844,,,,361242,1100,,,,0,93,,,,0,73,,,,31541,124,,,,6396,57,,,,1773,91,,,,120,12,,,,0,47,,,,384,17,,,,11057,67,,,,0,78,,,,24,4,,,,12,3,,,,37,2,,,,0,13,,,,0,7,,,,88,1,,,,106,1,,,,25,1,,,,138,2,,,,11,1,,,,0,55,,,,0,329,,,,0,398,,,,0,656,,,,0,889,,,,145,9,,,,0,104,,,,0,43,,,,0,58,,,,21,2,,,,0,139,,,,11,4,,,,0,86,,,,518659,1367,Glass Butte,NHW,Glass Butte,1,Geo,30,30
801054,13,2018-11-24,21:22:01,Geochem(2),,13,No,,,PPM,,,,0,4876,,,,68185,866,,,,352214,1117,,,,0,102,,,,0,79,,,,31214,127,,,,6526,58,,,,1902,94,,,,99,12,,,,0,47,,,,417,18,,,,10918,68,,,,0,79,,,,36,5,,,,0,18,,,,31,2,,,,0,13,,,,0,7,,,,84,1,,,,108,1,,,,26,1,,,,140,2,,,,13,1,,,,7,2,,,,0,337,,,,0,409,,,,0,673,,,,0,910,,,,154,9,,,,0,109,,,,0,44,,,,0,59,,,,19,2,,,,0,144,,,,15,4,,,,0,90,,,,527891,1400,Glass Butte,NHW,Glass Butte,1,Geo,30,30
801054,14,2018-11-24,21:23:34,Geochem(2),,14,No,,,PPM,,,,0,4010,,,,73310,819,,,,380507,1073,,,,0,84,,,,0,65,,,,31883,119,,,,6169,56,,,,1775,88,,,,129,12,,,,64,16,,,,406,17,,,,10821,64,,,,0,75,,,,15,4,,,,0,17,,,,36,2,,,,0,12,,,,0,6,,,,83,1,,,,107,1,,,,27,1,,,,140,2,,,,9,1,,,,0,54,,,,0,320,,,,0,387,,,,0,636,,,,0,865,,,,135,9,,,,0,98,,,,0,41,,,,8,2,,,,18,2,,,,0,134,,,,0,180,,,,0,84,,,,494359,1318,Glass Butte,NHW,Glass Butte,1,Geo,30,30
801054,15,2018-11-24,21:25:51,Geochem(2),,15,No,,,PPM,,,,0,4307,,,,94383,862,,,,342598,1025,,,,0,101,,,,0,67,,,,12909,71,,,,31386,111,,,,3287,104,,,,102,12,,,,0,50,,,,584,20,,,,27991,117,,,,0,121,,,,62,5,,,,29,3,,,,62,3,,,,0,11,,,,0,6,,,,25,1,,,,750,4,,,,15,1,,,,131,2,,,,6,1,,,,0,51,,,,0,304,,,,0,370,,,,0,610,,,,0,826,,,,131,9,,,,0,103,,,,0,42,,,,0,57,,,,8,1,,,,0,137,,,,0,188,,,,0,94,,,,485542,1378,geo-bvr,NHW,geo-bvr,1,Geo,30,30
801054,16,2018-11-24,21:27:34,Geochem(2),,16,No,,,PPM,,,,0,8053,,,,70110,1039,,,,269362,1204,,,,0,178,,,,0,129,,,,12155,88,,,,30698,145,,,,2870,122,,,,110,15,,,,0,60,,,,557,24,,,,25919,146,,,,0,144,,,,73,6,,,,27,4,,,,59,3,,,,0,13,,,,0,8,,,,23,1,,,,744,5,,,,15,1,,,,134,2,,,,11,2,,,,15,2,,,,0,386,,,,0,470,,,,0,773,,,,0,1049,,,,235,12,,,,0,131,,,,0,53,,,,0,71,,,,8,2,,,,0,175,,,,23,5,,,,0,119,,,,586852,1713,geo-bvr,NHW,geo-bvr,1,Geo,30,30
801054,17,2018-11-24,21:30:43,Geochem(2),,17,No,,,PPM,,,,0,3995,,,,99054,839,,,,360836,1008,,,,0,93,,,,0,62,,,,12351,68,,,,32090,108,,,,3120,101,,,,87,11,,,,67,15,,,,624,20,,,,27658,112,,,,0,119,,,,61,5,,,,27,3,,,,59,3,,,,0,11,,,,0,6,,,,26,1,,,,731,4,,,,13,1,,,,127,2,,,,0,34,,,,0,50,,,,0,299,,,,0,362,,,,0,594,,,,0,807,,,,120,9,,,,0,99,,,,0,39,,,,0,54,,,,9,1,,,,0,133,,,,0,181,,,,0,91,,,,462939,1333,geo-bvr,NHW,geo-bvr,1,Geo,30,30
801054,18,2018-11-24,21:34:27,Geochem(2),,18,No,,,PPM,,,,0,5801,,,,82319,948,,,,311048,1132,,,,0,132,,,,0,92,,,,12810,80,,,,30149,124,,,,3052,113,,,,110,13,,,,0,56,,,,532,21,,,,25386,126,,,,0,130,,,,54,5,,,,33,4,,,,59,3,,,,0,12,,,,0,7,,,,25,1,,,,732,4,,,,14,1,,,,131,2,,,,9,1,,,,0,58,,,,0,346,,,,0,421,,,,0,694,,,,0,940,,,,173,10,,,,0,113,,,,0,45,,,,0,61,,,,11,2,,,,0,157,,,,16,4,,,,0,106,,,,533337,1552,geo-bvr,NHW,geo-bvr,2,Geo,30,30
801054,19,2018-11-24,22:32:42,Geochem(2),,19,No,,,PPM,,,,0,5898,,,,80668,935,,,,306494,1121,,,,0,130,,,,0,92,,,,13039,81,,,,30455,125,,,,3241,115,,,,74,13,,,,62,17,,,,544,21,,,,26264,129,,,,0,130,,,,52,5,,,,28,4,,,,63,3,,,,0,12,,,,0,7,,,,24,1,,,,732,4,,,,15,1,,,,132,2,,,,9,1,,,,0,58,,,,0,345,,,,0,420,,,,0,693,,,,0,937,,,,182,10,,,,0,110,,,,0,44,,,,0,61,,,,8,2,,,,0,156,,,,0,212,,,,0,108,,,,537915,1546,geo-bvr,NHW,geo-bvr,2,Geo,30,30
801054,20,2018-11-24,22:41:38,Geochem(2),,20,No,,,PPM,,,,0,7220,,,,73901,984,,,,280825,1159,,,,0,157,,,,0,113,,,,12047,83,,,,30715,137,,,,2906,117,,,,70,13,,,,73,18,,,,575,23,,,,26741,140,,,,0,139,,,,65,6,,,,31,4,,,,64,3,,,,0,13,,,,0,7,,,,24,1,,,,734,5,,,,16,1,,,,131,2,,,,9,1,,,,11,2,,,,0,365,,,,0,444,,,,0,732,,,,0,995,,,,214,11,,,,0,116,,,,0,49,,,,0,64,,,,11,2,,,,0,164,,,,0,223,,,,0,115,,,,570838,1635,geo-bvr,NHW,geo-bvr,2,Geo,30,30
801054,21,2018-11-24,22:51:27,Geochem(2),,21,No,,,PPM,,,,0,6883,,,,59565,911,,,,243219,1053,,,,437,77,,,,855,47,,,,22043,113,,,,21755,105,,,,3182,112,,,,113,13,,,,61,18,,,,635,23,,,,26809,139,,,,0,130,,,,48,5,,,,149,6,,,,435,7,,,,75,8,,,,0,10,,,,119,2,,,,240,2,,,,38,2,,,,305,3,,,,24,2,,,,6,2,,,,0,327,,,,61,8,,,,40,12,,,,56,15,,,,92,10,,,,0,167,,,,0,73,,,,12,3,,,,1503,12,,,,0,161,,,,22,4,,,,0,99,,,,618098,1542,blank,NHW,blank,1,blank,30,30
801054,22,2018-11-24,22:53:28,Geochem(2),,22,No,,,PPM,,,,0,7050,,,,19999,594,,,,194682,817,,,,447,55,,,,415,35,,,,5486,45,,,,541,25,,,,10577,144,,,,131,13,,,,98,14,,,,380,15,,,,19519,96,,,,0,95,,,,56,4,,,,13,3,,,,57,2,,,,3,1,,,,0,5,,,,23,1,,,,183,2,,,,15,1,,,,74,1,,,,0,31,,,,0,44,,,,0,278,,,,0,337,,,,0,558,,,,0,759,,,,106,9,,,,0,91,,,,0,36,,,,0,50,,,,4,1,,,,15,3,,,,0,155,,,,0,71,,,,747177,1062,exped tool,NHW,EeQw-166,120,exped tool,30,30
801054,23,2018-11-24,22:56:08,Geochem(2),,23,No,,,PPM,,,,0,5041,,,,65596,776,,,,370501,1121,,,,0,101,,,,0,78,,,,10193,66,,,,0,157,,,,3185,102,,,,281,14,,,,70,17,,,,619,20,,,,30788,127,,,,0,126,,,,48,5,,,,22,3,,,,43,2,,,,3,1,,,,0,6,,,,26,1,,,,202,2,,,,11,1,,,,76,1,,,,0,34,,,,0,49,,,,0,302,,,,0,369,,,,0,612,,,,0,836,,,,199,9,,,,0,100,,,,0,40,,,,0,55,,,,7,1,,,,0,124,,,,0,168,,,,0,79,,,,518130,1373,exped tool,NHW,EeQw-166,120,exped tool,30,30
801054,24,2018-11-24,22:57:33,Geochem(2),,24,No,,,PPM,,,,0,5860,,,,51112,795,,,,381225,1251,,,,0,119,,,,0,94,,,,8632,70,,,,0,167,,,,2267,103,,,,220,15,,,,56,18,,,,373,18,,,,17354,94,,,,0,104,,,,46,5,,,,24,3,,,,41,3,,,,4,1,,,,0,7,,,,21,1,,,,169,2,,,,13,1,,,,57,1,,,,5,1,,,,0,56,,,,0,348,,,,0,425,,,,0,703,,,,0,961,,,,228,10,,,,0,110,,,,0,45,,,,0,59,,,,0,46,,,,0,142,,,,0,193,,,,0,89,,,,538155,1460,exped tool,NHW,EeQw-166,120,exped tool,30,30
801054,25,2018-11-24,22:59:56,Geochem(2),,25,No,,,PPM,,,,0,4405,,,,88001,857,,,,340553,1023,,,,285,68,,,,150,38,,,,32732,123,,,,15364,75,,,,2683,99,,,,162,13,,,,0,50,,,,543,19,,,,17973,88,,,,0,97,,,,36,4,,,,40,3,,,,62,3,,,,0,12,,,,0,7,,,,124,2,,,,428,3,,,,7,1,,,,182,2,,,,9,1,,,,0,54,,,,0,314,,,,0,380,,,,0,628,,,,0,855,,,,155,9,,,,0,103,,,,0,42,,,,0,57,,,,16,2,,,,0,140,,,,0,188,,,,0,96,,,,500495,1360,exped tool,NHW,EeQw-166,137,exped tool,30,30
801054,26,2018-11-24,23:01:40,Geochem(2),,26,No,,,PPM,,,,0,4692,,,,89755,895,,,,342589,1068,,,,0,102,,,,309,42,,,,32003,126,,,,14832,77,,,,2636,103,,,,123,13,,,,0,51,,,,406,18,,,,16516,87,,,,0,98,,,,36,5,,,,43,4,,,,54,3,,,,0,13,,,,0,7,,,,118,2,,,,406,3,,,,9,1,,,,180,2,,,,10,1,,,,0,56,,,,0,329,,,,0,400,,,,0,662,,,,0,901,,,,170,9,,,,0,110,,,,0,45,,,,6,2,,,,16,2,,,,0,150,,,,26,4,,,,0,99,,,,499756,1414,exped tool,NHW,EeQw-166,137,exped tool,30,30
801054,27,2018-11-24,23:03:38,Geochem(2),,27,No,,,PPM,,,,0,3401,,,,102644,819,,,,380347,978,,,,212,64,,,,368,36,,,,33234,114,,,,14667,71,,,,2613,94,,,,149,12,,,,0,47,,,,434,17,,,,17353,80,,,,0,92,,,,26,4,,,,40,3,,,,63,3,,,,0,12,,,,0,6,,,,121,1,,,,419,3,,,,9,1,,,,182,2,,,,4,1,,,,0,50,,,,0,297,,,,0,360,,,,0,598,,,,0,810,,,,119,8,,,,0,101,,,,0,41,,,,0,54,,,,15,1,,,,0,133,,,,0,178,,,,0,91,,,,446982,1258,exped tool,NHW,EeQw-166,137,exped tool,30,30
801054,28,2018-11-24,23:05:22,Geochem(2),,28,No,,,PPM,,,,0,4446,,,,93042,884,,,,339829,1040,,,,251,70,,,,0,72,,,,32206,124,,,,15182,77,,,,2773,102,,,,134,13,,,,0,49,,,,422,18,,,,17398,88,,,,0,99,,,,30,4,,,,41,3,,,,60,3,,,,0,12,,,,0,7,,,,121,2,,,,421,3,,,,8,1,,,,184,2,,,,12,1,,,,0,55,,,,0,320,,,,0,387,,,,0,638,,,,0,865,,,,118,9,,,,0,107,,,,0,45,,,,0,57,,,,16,2,,,,0,146,,,,22,4,,,,0,98,,,,497730,1387,exped tool,NHW,EeQw-166,138,exped tool,30,30
801054,29,2018-11-24,23:06:52,Geochem(2),,29,No,,,PPM,,,,0,4754,,,,93224,906,,,,338503,1068,,,,0,102,,,,0,76,,,,31004,124,,,,13864,75,,,,2541,102,,,,150,13,,,,0,52,,,,395,18,,,,16373,87,,,,0,98,,,,41,5,,,,43,4,,,,54,3,,,,0,13,,,,0,7,,,,117,2,,,,406,3,,,,7,1,,,,180,2,,,,11,1,,,,0,56,,,,0,330,,,,0,403,,,,0,670,,,,0,910,,,,183,9,,,,0,107,,,,0,44,,,,0,57,,,,18,2,,,,0,148,,,,13,4,,,,0,100,,,,502872,1421,exped tool,NHW,EeQw-166,138,exped tool,30,30
801054,30,2018-11-24,23:08:21,Geochem(2),,30,No,,,PPM,,,,0,4147,,,,97143,862,,,,359553,1027,,,,0,91,,,,0,66,,,,32867,121,,,,14936,75,,,,2859,101,,,,160,13,,,,0,50,,,,394,17,,,,17186,85,,,,0,95,,,,41,4,,,,39,3,,,,57,3,,,,4,1,,,,0,6,,,,123,2,,,,422,3,,,,9,1,,,,185,2,,,,9,1,,,,0,54,,,,0,314,,,,0,382,,,,0,633,,,,0,859,,,,145,9,,,,0,105,,,,0,43,,,,0,59,,,,16,2,,,,0,141,,,,0,189,,,,0,97,,,,473852,1345,exped tool,NHW,EeQw-166,138,exped tool,30,30
801054,31,2018-11-24,23:10:51,Geochem(2),,31,No,,,PPM,,,,0,5982,,,,87805,950,,,,283891,1053,,,,0,128,,,,0,97,,,,23614,111,,,,18520,90,,,,4817,127,,,,142,14,,,,0,56,,,,337,18,,,,24094,119,,,,0,122,,,,53,5,,,,39,4,,,,65,3,,,,4,1,,,,0,7,,,,87,1,,,,523,3,,,,10,1,,,,199,2,,,,17,1,,,,0,57,,,,0,334,,,,0,406,,,,0,672,,,,0,908,,,,145,10,,,,0,112,,,,0,47,,,,0,61,,,,15,2,,,,0,152,,,,23,4,,,,0,104,,,,555600,1504,exped tool,NHW,EeQw-166,199,exped tool,30,30
801054,32,2018-11-24,23:17:17,Geochem(2),,32,No,,,PPM,,,,0,4796,,,,100584,911,,,,318606,1027,,,,0,109,,,,0,78,,,,22936,101,,,,18614,85,,,,4689,120,,,,161,14,,,,0,52,,,,346,17,,,,24299,111,,,,0,116,,,,44,5,,,,38,3,,,,67,3,,,,0,12,,,,0,6,,,,83,1,,,,513,3,,,,9,1,,,,194,2,,,,12,1,,,,0,54,,,,0,317,,,,0,385,,,,0,636,,,,0,858,,,,130,9,,,,0,105,,,,0,42,,,,0,58,,,,14,2,,,,0,142,,,,0,191,,,,0,98,,,,508662,1421,exped tool,NHW,EeQw-166,199,exped tool,30,30
801054,33,2018-11-24,23:18:32,Geochem(2),,33,No,,,PPM,,,,0,6626,,,,83332,993,,,,272249,1094,,,,0,144,,,,0,110,,,,22553,114,,,,18388,94,,,,4633,131,,,,127,15,,,,0,57,,,,360,19,,,,24724,128,,,,0,130,,,,56,5,,,,39,4,,,,74,3,,,,0,13,,,,0,8,,,,85,2,,,,523,4,,,,10,1,,,,192,2,,,,17,1,,,,9,2,,,,0,351,,,,0,427,,,,0,705,,,,0,958,,,,200,11,,,,0,114,,,,0,45,,,,0,63,,,,16,2,,,,0,159,,,,24,4,,,,0,107,,,,572391,1578,exped tool,NHW,EeQw-166,199,exped tool,30,30
801054,34,2018-11-24,23:22:03,Geochem(2),,34,No,,,PPM,,,,0,3701,,,,43331,662,,,,389157,1051,,,,662,62,,,,358,35,,,,38203,129,,,,0,132,,,,1101,76,,,,56,10,,,,0,44,,,,794,21,,,,23154,98,,,,0,104,,,,29,4,,,,14,3,,,,112,3,,,,5,1,,,,0,6,,,,138,2,,,,33,1,,,,41,1,,,,269,2,,,,15,1,,,,11,2,,,,0,292,,,,0,355,,,,0,587,,,,0,797,,,,146,9,,,,20,5,,,,0,39,,,,0,54,,,,12,1,,,,0,126,,,,0,168,,,,0,79,,,,502339,1269,deb,NHW,EeQw-168,11,deb,30,30
801054,35,2018-11-24,23:23:34,Geochem(2),,35,No,,,PPM,,,,0,5314,,,,42239,770,,,,348174,1141,,,,951,77,,,,520,45,,,,39248,153,,,,0,179,,,,1116,84,,,,33,11,,,,0,47,,,,261,16,,,,7790,57,,,,0,68,,,,24,4,,,,0,18,,,,38,2,,,,4,1,,,,0,7,,,,146,2,,,,34,1,,,,45,1,,,,282,2,,,,18,1,,,,5,2,,,,0,338,,,,0,410,,,,0,677,,,,0,915,,,,126,9,,,,0,108,,,,0,44,,,,0,58,,,,12,2,,,,0,147,,,,14,4,,,,5,2,,,,558915,1387,deb,NHW,EeQw-168,11,deb,30,30
801054,36,2018-11-24,23:24:56,Geochem(2),,36,No,,,PPM,,,,0,5602,,,,38430,786,,,,370484,1228,,,,0,115,,,,256,50,,,,36354,151,,,,0,175,,,,1054,89,,,,42,12,,,,0,47,,,,90,13,,,,1308,24,,,,0,32,,,,41,5,,,,10,3,,,,10,2,,,,0,12,,,,0,7,,,,130,2,,,,29,1,,,,41,1,,,,260,2,,,,18,1,,,,5,2,,,,0,365,,,,0,442,,,,0,735,,,,0,994,,,,198,10,,,,0,112,,,,0,47,,,,0,61,,,,9,2,,,,0,157,,,,25,4,,,,0,98,,,,551204,1439,deb,NHW,EeQw-168,11,deb,30,30
801054,37,2018-11-24,23:27:46,Geochem(2),,37,No,,,PPM,,,,0,6877,,,,70418,970,,,,319756,1225,,,,279,88,,,,0,111,,,,24881,126,,,,12449,80,,,,2400,114,,,,100,14,,,,57,19,,,,341,19,,,,14178,91,,,,0,102,,,,44,5,,,,35,4,,,,51,3,,,,0,14,,,,0,7,,,,99,2,,,,333,3,,,,7,1,,,,147,2,,,,11,1,,,,10,2,,,,0,382,,,,0,464,,,,0,776,,,,0,1057,,,,271,11,,,,0,121,,,,0,49,,,,0,65,,,,15,2,,,,0,166,,,,17,4,,,,0,110,,,,554102,1602,exped tool,NHW,EeQw-169,146,exped tool,30,30
801054,38,2018-11-24,23:29:47,Geochem(2),,38,No,,,PPM,,,,0,4637,,,,86176,862,,,,340538,1048,,,,0,100,,,,0,74,,,,31586,123,,,,14939,76,,,,2511,99,,,,128,13,,,,0,50,,,,388,18,,,,16978,87,,,,0,98,,,,33,4,,,,47,4,,,,61,3,,,,0,13,,,,0,6,,,,121,2,,,,414,3,,,,11,1,,,,180,2,,,,10,1,,,,0,55,,,,0,322,,,,0,391,,,,0,649,,,,0,878,,,,169,9,,,,0,108,,,,0,44,,,,0,58,,,,16,2,,,,0,145,,,,18,4,,,,0,98,,,,505677,1386,exped tool,NHW,EeQw-169,146,exped tool,30,30
801054,39,2018-11-24,23:31:16,Geochem(2),,39,No,,,PPM,,,,0,4594,,,,92092,870,,,,329979,1017,,,,213,68,,,,0,71,,,,31575,121,,,,16380,78,,,,2539,98,,,,165,13,,,,0,49,,,,407,18,,,,17742,88,,,,0,98,,,,39,4,,,,46,3,,,,69,3,,,,0,13,,,,0,6,,,,123,2,,,,422,3,,,,9,1,,,,182,2,,,,9,1,,,,0,54,,,,0,315,,,,0,383,,,,0,634,,,,0,859,,,,160,9,,,,0,104,,,,0,42,,,,0,58,,,,20,2,,,,0,140,,,,0,188,,,,0,97,,,,507830,1372,exped tool,NHW,EeQw-169,146,exped tool,30,30
801054,40,2018-11-24,23:32:52,Geochem(2),,40,No,,,PPM,,,,0,4501,,,,89594,874,,,,335124,1038,,,,0,104,,,,0,74,,,,31764,123,,,,15230,77,,,,2571,99,,,,157,13,,,,0,51,,,,421,18,,,,17189,88,,,,0,98,,,,35,4,,,,43,3,,,,60,3,,,,4,1,,,,0,7,,,,123,2,,,,420,3,,,,10,1,,,,181,2,,,,10,1,,,,0,55,,,,0,321,,,,0,389,,,,0,646,,,,0,874,,,,132,9,,,,0,109,,,,0,44,,,,0,61,,,,16,2,,,,0,144,,,,15,4,,,,0,98,,,,506901,1386,exped tool,NHW,EeQw-169,158,exped tool,30,30
801054,41,2018-11-24,23:34:24,Geochem(2),,41,No,,,PPM,,,,0,4531,,,,87057,871,,,,335409,1047,,,,0,104,,,,0,73,,,,32543,126,,,,15097,77,,,,2868,104,,,,149,13,,,,0,51,,,,403,18,,,,17438,89,,,,0,98,,,,36,5,,,,38,3,,,,65,3,,,,0,13,,,,0,7,,,,126,2,,,,424,3,,,,9,1,,,,187,2,,,,11,1,,,,0,55,,,,0,323,,,,0,393,,,,0,649,,,,0,883,,,,172,9,,,,0,107,,,,0,43,,,,0,59,,,,16,2,,,,0,145,,,,14,4,,,,0,98,,,,507939,1397,exped tool,NHW,EeQw-169,158,exped tool,30,30
801054,42,2018-11-24,23:36:05,Geochem(2),,42,No,,,PPM,,,,0,6713,,,,76930,981,,,,303162,1167,,,,0,138,,,,0,108,,,,30237,141,,,,14673,86,,,,2762,116,,,,116,14,,,,0,55,,,,358,19,,,,16013,97,,,,0,106,,,,45,5,,,,40,4,,,,54,3,,,,0,14,,,,0,7,,,,115,2,,,,395,3,,,,10,1,,,,174,2,,,,14,1,,,,11,2,,,,0,374,,,,0,458,,,,0,758,,,,0,1031,,,,282,11,,,,0,119,,,,0,48,,,,0,66,,,,17,2,,,,0,167,,,,29,4,,,,0,111,,,,554564,1589,exped tool,NHW,EeQw-169,158,exped tool,30,30
801054,43,2018-11-24,23:37:56,Geochem(2),,43,No,,,PPM,,,,0,5550,,,,76832,894,,,,318854,1095,,,,0,118,,,,0,87,,,,31298,131,,,,15254,81,,,,3005,110,,,,135,14,,,,60,18,,,,377,18,,,,17706,95,,,,0,104,,,,46,5,,,,44,4,,,,64,3,,,,0,14,,,,0,7,,,,122,2,,,,424,3,,,,10,1,,,,183,2,,,,14,1,,,,6,2,,,,0,341,,,,0,416,,,,0,685,,,,0,932,,,,203,10,,,,0,115,,,,0,47,,,,0,63,,,,19,2,,,,0,154,,,,22,4,,,,0,102,,,,535323,1471,exped tool,NHW,EeQw-169,268,exped tool,30,30
801054,44,2018-11-24,23:39:24,Geochem(2),,44,No,,,PPM,,,,0,3322,,,,94742,788,,,,379621,974,,,,0,78,,,,0,53,,,,32813,112,,,,14833,70,,,,2913,96,,,,148,12,,,,56,15,,,,404,16,,,,17516,80,,,,0,91,,,,32,4,,,,40,3,,,,57,2,,,,0,12,,,,0,6,,,,123,1,,,,419,3,,,,7,1,,,,175,2,,,,8,1,,,,0,50,,,,0,296,,,,0,359,,,,0,595,,,,0,809,,,,140,8,,,,0,99,,,,0,39,,,,0,54,,,,15,1,,,,0,131,,,,0,175,,,,0,91,,,,455938,1249,exped tool,NHW,EeQw-169,268,exped tool,30,30
801054,45,2018-11-24,23:43:27,Geochem(2),,45,No,,,PPM,,,,0,6269,,,,76298,954,,,,294032,1119,,,,0,136,,,,0,105,,,,29752,136,,,,15549,86,,,,2641,111,,,,132,14,,,,59,18,,,,389,19,,,,16831,98,,,,0,106,,,,30,5,,,,44,4,,,,55,3,,,,0,14,,,,0,8,,,,118,2,,,,408,3,,,,11,1,,,,171,2,,,,12,1,,,,9,2,,,,0,362,,,,0,442,,,,0,731,,,,0,995,,,,235,10,,,,0,119,,,,0,51,,,,0,60,,,,15,2,,,,0,161,,,,20,4,,,,7,2,,,,563183,1540,exped tool,NHW,EeQw-169,268,exped tool,30,30
801054,46,2018-11-24,23:44:51,Geochem(2),,46,No,,,PPM,,,,0,3767,,,,96627,822,,,,354664,981,,,,0,86,,,,205,35,,,,31822,114,,,,15692,73,,,,2871,97,,,,153,12,,,,76,16,,,,405,17,,,,17920,84,,,,0,93,,,,32,4,,,,47,3,,,,63,3,,,,0,12,,,,0,6,,,,128,1,,,,431,3,,,,9,1,,,,185,2,,,,8,1,,,,0,51,,,,0,302,,,,0,366,,,,0,606,,,,0,825,,,,172,9,,,,0,101,,,,0,40,,,,0,55,,,,17,2,,,,0,136,,,,16,4,,,,0,91,,,,478456,1293,exped tool,NHW,EeQw-169,268,exped tool,30,30
801054,47,2018-11-24,23:46:36,Geochem(2),,47,No,,,PPM,,,,0,3742,,,,106571,830,,,,360148,965,,,,261,64,,,,297,35,,,,32280,113,,,,15023,72,,,,3426,102,,,,157,12,,,,59,15,,,,385,16,,,,17759,82,,,,0,92,,,,36,4,,,,45,3,,,,80,3,,,,0,12,,,,0,6,,,,122,1,,,,422,3,,,,8,1,,,,179,2,,,,5,1,,,,0,50,,,,0,301,,,,0,364,,,,0,606,,,,0,829,,,,204,9,,,,0,102,,,,0,40,,,,0,54,,,,16,2,,,,0,132,,,,0,176,,,,0,90,,,,462516,1276,exped tool,NHW,EeQw-169,296,exped tool,30,30
801054,48,2018-11-24,23:48:00,Geochem(2),,48,No,,,PPM,,,,0,4817,,,,70565,810,,,,336291,1055,,,,2488,83,,,,0,74,,,,27953,114,,,,15653,76,,,,3297,107,,,,148,13,,,,0,50,,,,386,17,,,,17041,88,,,,0,97,,,,39,5,,,,40,3,,,,56,3,,,,0,13,,,,0,7,,,,118,2,,,,403,3,,,,9,1,,,,174,2,,,,9,1,,,,0,54,,,,0,322,,,,0,392,,,,0,654,,,,0,891,,,,217,9,,,,0,106,,,,0,43,,,,0,56,,,,16,2,,,,0,142,,,,0,190,,,,0,97,,,,525095,1379,exped tool,NHW,EeQw-169,296,exped tool,30,30
801054,49,2018-11-24,23:49:19,Geochem(2),,49,No,,,PPM,,,,0,4674,,,,95069,866,,,,324122,996,,,,421,67,,,,131,37,,,,31286,119,,,,15501,76,,,,2801,100,,,,149,13,,,,64,16,,,,382,17,,,,17467,87,,,,0,95,,,,30,4,,,,45,3,,,,62,3,,,,4,1,,,,0,7,,,,118,1,,,,409,3,,,,8,1,,,,175,2,,,,8,1,,,,0,53,,,,0,314,,,,0,383,,,,0,638,,,,0,868,,,,194,9,,,,0,105,,,,0,42,,,,0,57,,,,17,2,,,,0,139,,,,0,186,,,,0,95,,,,511539,1357,exped tool,NHW,EeQw-169,296,exped tool,30,30
801054,50,2018-11-24,23:51:04,Geochem(2),,50,No,,,PPM,,,,0,5687,,,,76442,914,,,,320503,1121,,,,403,78,,,,0,91,,,,31537,135,,,,13150,77,,,,2266,104,,,,130,14,,,,62,18,,,,316,18,,,,13935,84,,,,0,95,,,,42,5,,,,26,3,,,,53,3,,,,0,13,,,,0,7,,,,100,2,,,,328,3,,,,8,1,,,,136,2,,,,8,1,,,,7,2,,,,0,355,,,,0,433,,,,0,718,,,,0,970,,,,239,10,,,,0,112,,,,0,46,,,,0,64,,,,16,2,,,,0,154,,,,18,4,,,,0,101,,,,540275,1490,exped tool,NHW,EeQw-169,321,exped tool,30,30
801054,51,2018-11-24,23:52:26,Geochem(2),,51,No,,,PPM,,,,0,3869,,,,96810,831,,,,339851,958,,,,362,63,,,,488,36,,,,42421,140,,,,14923,73,,,,2651,95,,,,127,12,,,,47,15,,,,398,17,,,,16731,81,,,,0,92,,,,30,4,,,,40,3,,,,66,3,,,,0,12,,,,0,6,,,,125,1,,,,423,3,,,,8,1,,,,186,2,,,,8,1,,,,0,52,,,,0,302,,,,0,367,,,,0,605,,,,0,824,,,,119,8,,,,0,100,,,,0,42,,,,0,54,,,,15,2,,,,0,136,,,,12,4,,,,0,93,,,,484159,1297,exped tool,NHW,EeQw-169,321,exped tool,30,30
801054,52,2018-11-24,23:53:53,Geochem(2),,52,No,,,PPM,,,,0,5134,,,,85390,901,,,,299083,1023,,,,418,71,,,,277,40,,,,37328,145,,,,15986,81,,,,2709,104,,,,127,13,,,,0,52,,,,430,19,,,,17149,91,,,,0,100,,,,35,5,,,,36,3,,,,63,3,,,,0,13,,,,0,7,,,,126,2,,,,420,3,,,,10,1,,,,183,2,,,,12,1,,,,0,57,,,,0,333,,,,0,403,,,,0,671,,,,0,911,,,,201,10,,,,0,109,,,,0,47,,,,0,58,,,,18,2,,,,0,148,,,,15,4,,,,0,102,,,,539984,1433,exped tool,NHW,EeQw-169,321,exped tool,30,30
801054,53,2018-11-24,23:55:38,Geochem(2),,53,No,,,PPM,,,,0,8504,,,,68728,1056,,,,274061,1228,,,,0,171,,,,0,138,,,,28920,153,,,,16748,101,,,,2521,122,,,,112,15,,,,0,60,,,,360,21,,,,15854,106,,,,0,115,,,,52,6,,,,40,4,,,,56,3,,,,0,16,,,,0,8,,,,118,2,,,,429,4,,,,13,1,,,,179,2,,,,14,2,,,,17,2,,,,0,408,,,,0,497,,,,0,824,,,,0,1113,,,,244,12,,,,0,124,,,,0,54,,,,0,70,,,,19,2,,,,0,186,,,,36,5,,,,0,124,,,,591479,1717,exped tool,NHW,EeQw-169,429,exped tool,30,30
801054,54,2018-11-24,23:56:53,Geochem(2),,54,No,,,PPM,,,,0,7117,,,,72725,1003,,,,290839,1184,,,,0,148,,,,0,117,,,,30955,150,,,,15218,91,,,,2564,117,,,,132,15,,,,0,61,,,,369,20,,,,16337,102,,,,0,111,,,,41,5,,,,43,4,,,,62,3,,,,0,15,,,,0,8,,,,118,2,,,,411,3,,,,12,1,,,,190,2,,,,15,1,,,,10,2,,,,0,385,,,,0,469,,,,0,773,,,,0,1040,,,,213,11,,,,0,123,,,,0,52,,,,0,67,,,,17,2,,,,0,174,,,,29,5,,,,0,115,,,,569701,1633,exped tool,NHW,EeQw-169,429,exped tool,30,30
801054,55,2018-11-24,23:58:24,Geochem(2),,55,No,,,PPM,,,,0,6393,,,,78313,968,,,,303338,1150,,,,0,133,,,,0,105,,,,30620,140,,,,14892,86,,,,2679,113,,,,108,14,,,,0,57,,,,360,19,,,,16276,97,,,,0,107,,,,40,5,,,,38,4,,,,60,3,,,,0,14,,,,0,7,,,,116,2,,,,409,3,,,,8,1,,,,181,2,,,,13,1,,,,10,2,,,,0,366,,,,0,444,,,,0,738,,,,0,996,,,,203,11,,,,0,115,,,,0,48,,,,0,64,,,,15,2,,,,0,164,,,,21,4,,,,0,110,,,,552300,1571,exped tool,NHW,EeQw-169,429,exped tool,30,30
801054,1,2018-11-25,0:00:26,Geochem(2),,1,No,,,PPM,,,,0,5944,,,,81297,939,,,,293657,1079,,,,302,75,,,,0,95,,,,31733,137,,,,15060,82,,,,2591,107,,,,149,14,,,,55,18,,,,384,19,,,,17307,97,,,,0,104,,,,26,5,,,,48,4,,,,61,3,,,,0,14,,,,0,7,,,,121,2,,,,420,3,,,,9,1,,,,186,2,,,,13,1,,,,8,2,,,,0,347,,,,0,423,,,,0,697,,,,0,946,,,,180,10,,,,0,115,,,,0,46,,,,0,62,,,,15,2,,,,0,156,,,,18,4,,,,6,2,,,,556355,1501,exped tool,NHW,EeQw-169,433,exped tool,30,30
801054,2,2018-11-25,0:01:43,Geochem(2),,2,No,,,PPM,,,,0,5653,,,,85725,919,,,,308367,1068,,,,331,74,,,,0,86,,,,31456,132,,,,15308,81,,,,2534,104,,,,138,13,,,,0,54,,,,410,19,,,,17199,93,,,,0,103,,,,34,5,,,,44,4,,,,60,3,,,,4,1,,,,0,7,,,,121,2,,,,411,3,,,,10,1,,,,183,2,,,,13,1,,,,6,2,,,,0,340,,,,0,412,,,,0,682,,,,0,923,,,,184,10,,,,0,113,,,,0,45,,,,0,59,,,,15,2,,,,0,152,,,,19,4,,,,0,100,,,,537429,1466,exped tool,NHW,EeQw-169,433,exped tool,30,30
801054,3,2018-11-25,0:03:05,Geochem(2),,3,No,,,PPM,,,,0,5250,,,,87858,903,,,,308866,1042,,,,330,71,,,,0,82,,,,32649,132,,,,14889,78,,,,3005,107,,,,134,13,,,,69,17,,,,410,18,,,,18254,95,,,,0,103,,,,33,5,,,,44,4,,,,64,3,,,,0,13,,,,0,7,,,,122,2,,,,427,3,,,,12,1,,,,187,2,,,,10,1,,,,0,57,,,,0,331,,,,0,404,,,,0,665,,,,0,903,,,,161,9,,,,0,109,,,,0,44,,,,0,59,,,,16,2,,,,0,150,,,,21,4,,,,0,102,,,,532437,1438,exped tool,NHW,EeQw-169,433,exped tool,30,30
801054,4,2018-11-25,0:11:57,Geochem(2),,4,No,,,PPM,,,,0,4161,,,,84645,827,,,,347593,1038,,,,1434,76,,,,0,67,,,,30276,117,,,,16687,79,,,,2619,99,,,,156,13,,,,48,16,,,,381,17,,,,16925,85,,,,0,96,,,,38,4,,,,35,3,,,,62,3,,,,0,13,,,,0,7,,,,114,1,,,,409,3,,,,7,1,,,,167,2,,,,6,1,,,,0,54,,,,0,321,,,,0,391,,,,0,649,,,,0,887,,,,208,9,,,,0,106,,,,0,44,,,,0,57,,,,15,2,,,,0,141,,,,0,188,,,,0,97,,,,498174,1367,exped tool,NHW,EeQw-179,109,exped tool,30,30
801054,5,2018-11-25,0:13:19,Geochem(2),,5,No,,,PPM,,,,0,3910,,,,87203,810,,,,354487,1002,,,,546,67,,,,0,62,,,,32057,117,,,,16819,76,,,,2760,98,,,,157,13,,,,0,47,,,,416,17,,,,17779,85,,,,0,94,,,,35,4,,,,39,3,,,,56,3,,,,0,12,,,,0,6,,,,121,1,,,,428,3,,,,6,1,,,,171,2,,,,7,1,,,,0,52,,,,0,307,,,,0,373,,,,0,618,,,,0,837,,,,182,9,,,,0,103,,,,0,42,,,,0,56,,,,20,2,,,,0,136,,,,0,183,,,,0,94,,,,486711,1314,exped tool,NHW,EeQw-179,109,exped tool,30,30
801054,6,2018-11-25,0:15:02,Geochem(2),,6,No,,,PPM,,,,0,4319,,,,87721,841,,,,328281,999,,,,648,69,,,,475,38,,,,33139,124,,,,17068,79,,,,2953,101,,,,132,12,,,,69,16,,,,392,17,,,,18249,89,,,,0,98,,,,36,4,,,,29,3,,,,66,3,,,,4,1,,,,0,6,,,,123,2,,,,425,3,,,,8,1,,,,187,2,,,,11,1,,,,0,53,,,,0,312,,,,0,380,,,,0,626,,,,0,846,,,,134,9,,,,0,104,,,,0,42,,,,0,58,,,,15,2,,,,0,141,,,,16,4,,,,0,95,,,,509820,1353,exped tool,NHW,EeQw-179,137,exped tool,30,30
801054,7,2018-11-25,0:16:20,Geochem(2),,7,No,,,PPM,,,,0,7791,,,,66876,993,,,,265446,1140,,,,669,87,,,,287,51,,,,32599,157,,,,16406,94,,,,2618,116,,,,114,14,,,,0,60,,,,404,21,,,,16753,104,,,,0,111,,,,53,6,,,,28,4,,,,67,3,,,,0,15,,,,0,8,,,,116,2,,,,404,3,,,,11,1,,,,176,2,,,,13,1,,,,14,2,,,,0,384,,,,0,469,,,,0,780,,,,0,1059,,,,265,11,,,,0,126,,,,0,53,,,,7,2,,,,20,2,,,,0,170,,,,23,4,,,,0,115,,,,596633,1618,exped tool,NHW,EeQw-179,137,exped tool,30,30
801054,8,2018-11-25,0:17:56,Geochem(2),,8,No,,,PPM,,,,0,4635,,,,82254,831,,,,314337,988,,,,729,68,,,,542,38,,,,33609,126,,,,17043,78,,,,2839,99,,,,164,13,,,,0,49,,,,466,18,,,,18909,91,,,,0,99,,,,33,4,,,,29,3,,,,72,3,,,,4,1,,,,0,6,,,,125,2,,,,435,3,,,,9,1,,,,190,2,,,,9,1,,,,0,53,,,,0,310,,,,0,376,,,,0,622,,,,0,840,,,,106,9,,,,0,104,,,,0,43,,,,0,56,,,,18,2,,,,0,140,,,,12,4,,,,0,96,,,,528067,1353,exped tool,NHW,EeQw-179,137,exped tool,30,30
801054,9,2018-11-25,0:19:47,Geochem(2),,9,No,,,PPM,,,,0,3341,,,,90428,766,,,,339937,918,,,,1229,70,,,,194,33,,,,26783,97,,,,44573,133,,,,2504,91,,,,141,12,,,,46,15,,,,348,16,,,,17105,80,,,,0,90,,,,33,4,,,,42,3,,,,56,2,,,,0,12,,,,0,6,,,,109,1,,,,504,3,,,,8,1,,,,163,2,,,,5,1,,,,0,50,,,,0,296,,,,0,358,,,,0,590,,,,0,797,,,,122,8,,,,0,96,,,,0,39,,,,0,52,,,,16,1,,,,0,133,,,,0,178,,,,0,92,,,,475656,1258,exped tool,NHW,EeQw-179,180,exped tool,30,30
801054,10,2018-11-25,0:21:02,Geochem(2),,10,No,,,PPM,,,,0,3171,,,,71138,687,,,,261513,772,,,,2613,72,,,,535,29,,,,21742,80,,,,88466,240,,,,2664,88,,,,141,11,,,,0,44,,,,403,16,,,,17828,80,,,,0,90,,,,39,4,,,,45,3,,,,65,2,,,,0,11,,,,0,6,,,,124,1,,,,462,3,,,,9,1,,,,177,2,,,,4,1,,,,0,48,,,,0,284,,,,0,344,,,,0,569,,,,0,773,,,,119,8,,,,0,96,,,,0,39,,,,0,53,,,,16,1,,,,0,127,,,,0,170,,,,0,87,,,,531895,1211,exped tool,NHW,EeQw-179,180,exped tool,30,30
801054,11,2018-11-25,0:22:40,Geochem(2),,11,No,,,PPM,,,,0,5351,,,,75546,890,,,,309199,1081,,,,568,78,,,,0,88,,,,29455,127,,,,24379,106,,,,2344,103,,,,140,14,,,,0,55,,,,368,18,,,,17179,95,,,,0,104,,,,41,5,,,,46,4,,,,51,3,,,,0,13,,,,0,8,,,,116,2,,,,420,3,,,,10,1,,,,176,2,,,,10,1,,,,6,2,,,,0,347,,,,0,421,,,,0,697,,,,0,944,,,,180,10,,,,0,114,,,,0,46,,,,0,61,,,,15,2,,,,0,157,,,,23,4,,,,0,105,,,,539725,1480,exped tool,NHW,EeQw-179,180,exped tool,30,30
801054,12,2018-11-25,0:24:26,Geochem(2),,12,No,,,PPM,,,,0,5230,,,,99507,992,,,,380290,1250,,,,0,119,,,,0,85,,,,25670,125,,,,20867,105,,,,2282,114,,,,145,15,,,,76,20,,,,313,19,,,,14965,93,,,,0,106,,,,48,6,,,,38,4,,,,48,3,,,,0,15,,,,0,7,,,,101,2,,,,391,3,,,,5,1,,,,155,2,,,,0,44,,,,0,64,,,,0,391,,,,0,477,,,,0,799,,,,0,1092,,,,309,11,,,,0,131,,,,0,53,,,,0,72,,,,14,2,,,,0,168,,,,0,224,,,,0,111,,,,454776,1611,exped tool,NHW,EeQw-179,248,exped tool,30,30
801054,13,2018-11-25,0:25:46,Geochem(2),,13,No,,,PPM,,,,0,3094,,,,98319,759,,,,393060,942,,,,0,72,,,,167,32,,,,32501,107,,,,18324,75,,,,2905,93,,,,139,12,,,,45,14,,,,397,16,,,,17164,77,,,,0,88,,,,30,4,,,,39,3,,,,59,2,,,,0,11,,,,0,6,,,,118,1,,,,418,2,,,,7,1,,,,181,2,,,,6,1,,,,0,48,,,,0,287,,,,0,345,,,,0,568,,,,0,775,,,,92,8,,,,0,93,,,,0,38,,,,0,49,,,,15,1,,,,0,128,,,,0,171,,,,0,86,,,,436014,1197,exped tool,NHW,EeQw-179,248,exped tool,30,30
801054,14,2018-11-25,0:29:05,Geochem(2),,14,No,,,PPM,,,,0,4297,,,,84907,826,,,,330887,1002,,,,214,67,,,,0,67,,,,29440,114,,,,25261,98,,,,2853,100,,,,148,13,,,,0,49,,,,390,17,,,,17330,86,,,,0,96,,,,34,4,,,,41,3,,,,59,3,,,,0,13,,,,0,7,,,,118,2,,,,458,3,,,,9,1,,,,179,2,,,,8,1,,,,0,54,,,,0,314,,,,0,381,,,,0,631,,,,0,858,,,,161,9,,,,0,100,,,,0,42,,,,0,55,,,,19,2,,,,0,140,,,,0,187,,,,0,98,,,,507483,1353,exped tool,NHW,EeQw-179,248,exped tool,30,30
801054,15,2018-11-25,0:30:44,Geochem(2),,15,No,,,PPM,,,,0,6080,,,,80909,987,,,,252453,1054,,,,3233,95,,,,506,46,,,,28283,134,,,,15407,86,,,,6284,144,,,,217,16,,,,122,20,,,,621,23,,,,33465,162,,,,0,150,,,,80,6,,,,27,4,,,,151,4,,,,0,16,,,,0,8,,,,336,3,,,,504,4,,,,25,2,,,,266,3,,,,46,2,,,,0,59,,,,0,340,,,,0,415,,,,0,688,,,,0,933,,,,211,11,,,,0,123,,,,0,49,,,,0,63,,,,29,2,,,,0,158,,,,14,5,,,,0,114,,,,576808,1607,exped tool,NHW,EeQw-179,300,exped tool,30,30
801054,16,2018-11-25,0:31:57,Geochem(2),,16,No,,,PPM,,,,0,4518,,,,97748,918,,,,282239,981,,,,4104,90,,,,803,41,,,,29829,122,,,,17805,84,,,,6745,136,,,,221,15,,,,165,19,,,,1401,29,,,,35771,150,,,,0,140,,,,76,5,,,,34,4,,,,197,5,,,,0,15,,,,0,6,,,,412,3,,,,559,3,,,,40,2,,,,275,3,,,,44,2,,,,0,52,,,,0,303,,,,0,370,,,,0,615,,,,0,839,,,,204,10,,,,0,117,,,,0,43,,,,0,58,,,,32,2,,,,0,142,,,,0,186,,,,0,107,,,,521298,1476,exped tool,NHW,EeQw-179,300,exped tool,30,30
801054,17,2018-11-25,0:34:19,Geochem(2),,17,No,,,PPM,,,,0,4103,,,,67903,769,,,,251117,867,,,,20484,150,,,,956,37,,,,25195,102,,,,33919,121,,,,6738,128,,,,219,14,,,,104,17,,,,712,21,,,,38765,153,,,,0,140,,,,82,5,,,,30,3,,,,176,4,,,,5,1,,,,0,7,,,,354,3,,,,525,3,,,,24,1,,,,288,2,,,,48,1,,,,0,49,,,,0,282,,,,0,343,,,,0,563,,,,0,767,,,,126,9,,,,0,104,,,,0,39,,,,0,56,,,,32,2,,,,0,134,,,,12,4,,,,0,98,,,,552183,1371,exped tool,NHW,EeQw-179,300,exped tool,30,30
801054,18,2018-11-25,0:36:29,Geochem(2),,18,No,,,PPM,,,,0,6307,,,,70858,933,,,,301245,1137,,,,0,130,,,,0,102,,,,32930,146,,,,16339,89,,,,2620,111,,,,142,14,,,,0,58,,,,381,19,,,,16861,98,,,,0,107,,,,44,5,,,,45,4,,,,59,3,,,,0,14,,,,0,7,,,,122,2,,,,416,3,,,,11,1,,,,185,2,,,,11,1,,,,10,2,,,,0,362,,,,0,441,,,,0,731,,,,0,991,,,,189,10,,,,0,115,,,,0,46,,,,0,62,,,,19,2,,,,0,164,,,,26,4,,,,8,2,,,,557480,1550,exped tool,NHW,EeQw-179,383,exped tool,30,30
801054,19,2018-11-25,0:37:59,Geochem(2),,19,No,,,PPM,,,,0,4883,,,,88000,907,,,,337620,1096,,,,0,109,,,,0,79,,,,32202,131,,,,16135,84,,,,2467,104,,,,108,13,,,,73,17,,,,357,18,,,,15681,87,,,,0,98,,,,35,5,,,,40,4,,,,58,3,,,,0,13,,,,0,7,,,,113,2,,,,394,3,,,,9,1,,,,173,2,,,,7,1,,,,0,58,,,,0,342,,,,0,415,,,,0,686,,,,0,936,,,,180,10,,,,0,114,,,,0,47,,,,0,62,,,,14,2,,,,0,152,,,,0,203,,,,0,102,,,,506334,1459,exped tool,NHW,EeQw-179,383,exped tool,30,30
801054,20,2018-11-25,0:42:16,Geochem(2),,20,No,,,PPM,,,,0,5712,,,,75940,924,,,,312537,1125,,,,0,122,,,,0,94,,,,32907,142,,,,16337,87,,,,2786,111,,,,130,14,,,,0,57,,,,382,19,,,,16668,95,,,,0,105,,,,39,5,,,,39,4,,,,56,3,,,,0,14,,,,0,8,,,,121,2,,,,409,3,,,,9,1,,,,182,2,,,,11,1,,,,8,2,,,,0,357,,,,0,434,,,,0,715,,,,0,970,,,,169,10,,,,0,120,,,,0,49,,,,0,67,,,,17,2,,,,0,161,,,,23,4,,,,0,106,,,,541232,1524,exped tool,NHW,EeQw-179,383,exped tool,30,30
801054,21,2018-11-25,1:48:36,Geochem(2),,21,No,,,PPM,,,,0,4704,,,,84653,875,,,,334497,1051,,,,0,102,,,,0,75,,,,31700,124,,,,15064,76,,,,2840,103,,,,136,13,,,,77,17,,,,425,18,,,,17489,89,,,,0,99,,,,37,5,,,,47,4,,,,60,3,,,,0,13,,,,0,7,,,,118,2,,,,417,3,,,,10,1,,,,183,2,,,,10,1,,,,0,56,,,,0,322,,,,0,392,,,,0,646,,,,0,879,,,,147,9,,,,0,107,,,,0,42,,,,0,58,,,,18,2,,,,0,144,,,,0,192,,,,6,2,,,,512066,1398,exped tool,NHW,EeQw-177,264,exped tool,30,30
801054,22,2018-11-25,1:49:49,Geochem(2),,22,No,,,PPM,,,,0,5852,,,,73784,924,,,,303513,1100,,,,0,124,,,,0,95,,,,31676,136,,,,15710,83,,,,2739,108,,,,152,14,,,,0,55,,,,395,19,,,,17879,98,,,,0,107,,,,39,5,,,,42,4,,,,65,3,,,,0,14,,,,0,7,,,,123,2,,,,429,3,,,,9,1,,,,188,2,,,,13,1,,,,11,2,,,,0,347,,,,0,423,,,,0,696,,,,0,943,,,,188,10,,,,0,111,,,,0,45,,,,0,62,,,,20,2,,,,0,158,,,,28,4,,,,0,104,,,,552995,1498,exped tool,NHW,EeQw-177,264,exped tool,30,30
801054,23,2018-11-25,1:51:14,Geochem(2),,23,No,,,PPM,,,,0,4973,,,,82945,896,,,,324323,1074,,,,0,112,,,,0,81,,,,31390,128,,,,15109,79,,,,2696,104,,,,132,13,,,,0,52,,,,400,18,,,,17796,93,,,,0,103,,,,34,5,,,,41,4,,,,60,3,,,,4,1,,,,0,7,,,,124,2,,,,419,3,,,,10,1,,,,186,2,,,,12,1,,,,9,2,,,,0,335,,,,0,406,,,,0,672,,,,0,909,,,,167,9,,,,0,110,,,,0,45,,,,0,59,,,,15,2,,,,0,151,,,,23,4,,,,0,99,,,,524104,1443,exped tool,NHW,EeQw-177,264,exped tool,30,30
801054,24,2018-11-25,1:54:29,Geochem(2),,24,No,,,PPM,,,,0,12732,,,,42647,1101,,,,189644,1177,,,,335,103,,,,486,66,,,,20156,140,,,,20746,133,,,,3047,134,,,,72,16,,,,0,70,,,,630,27,,,,26241,178,,,,0,161,,,,83,7,,,,146,7,,,,431,9,,,,94,10,,,,0,12,,,,118,2,,,,229,3,,,,42,2,,,,295,3,,,,30,2,,,,19,2,,,,0,418,,,,56,11,,,,0,827,,,,0,1119,,,,188,14,,,,0,205,,,,0,89,,,,12,4,,,,1460,15,,,,0,207,,,,47,6,,,,0,123,,,,692747,1813,blank,NHW,source,1,blank,30,30
801054,25,2018-11-25,1:55:40,Geochem(2),,25,No,,,PPM,,,,0,12096,,,,44155,1089,,,,195933,1181,,,,344,102,,,,525,65,,,,20339,138,,,,20967,132,,,,3145,134,,,,68,15,,,,0,70,,,,673,28,,,,26043,174,,,,0,157,,,,63,7,,,,141,7,,,,433,9,,,,76,10,,,,0,12,,,,117,2,,,,235,3,,,,44,2,,,,300,3,,,,31,2,,,,16,2,,,,0,412,,,,68,11,,,,0,813,,,,0,1113,,,,199,13,,,,0,205,,,,0,90,,,,15,4,,,,1492,15,,,,0,201,,,,36,6,,,,0,121,,,,684542,1805,blank,NHW,source,1,blank,30,30
801054,26,2018-11-25,2:00:02,Geochem(2),,26,No,,,PPM,,,,0,4800,,,,87100,902,,,,317587,1074,,,,351,73,,,,655,43,,,,20668,97,,,,25170,104,,,,5230,127,,,,532,18,,,,96,20,,,,1032,27,,,,52577,202,,,,0,172,,,,40,5,,,,120,5,,,,75,3,,,,7,1,,,,0,7,,,,45,1,,,,1189,6,,,,21,1,,,,64,2,,,,5,1,,,,0,49,,,,0,301,,,,0,365,,,,0,600,,,,0,814,,,,143,10,,,,0,107,,,,0,42,,,,0,61,,,,16,2,,,,0,142,,,,0,193,,,,0,101,,,,487277,1544,exped tool,NHW,EeQw-177,299,exped tool,30,30
801054,27,2018-11-25,2:01:57,Geochem(2),,27,No,,,PPM,,,,0,6859,,,,66441,982,,,,265377,1168,,,,277,84,,,,0,118,,,,21014,116,,,,25801,125,,,,4950,139,,,,339,18,,,,0,72,,,,985,29,,,,51522,242,,,,0,195,,,,36,6,,,,106,6,,,,70,4,,,,0,13,,,,0,8,,,,47,1,,,,1036,6,,,,25,1,,,,79,2,,,,8,2,,,,13,2,,,,0,345,,,,0,420,,,,0,691,,,,0,937,,,,184,12,,,,0,114,,,,0,49,,,,0,64,,,,13,2,,,,0,161,,,,19,5,,,,0,112,,,,561657,1758,exped tool,NHW,EeQw-177,299,exped tool,30,30
801054,28,2018-11-25,2:03:10,Geochem(2),,28,No,,,PPM,,,,0,5933,,,,76445,910,,,,275468,1056,,,,362,73,,,,0,95,,,,20665,101,,,,26235,113,,,,4881,125,,,,296,15,,,,73,19,,,,1058,27,,,,55139,226,,,,0,182,,,,51,6,,,,89,5,,,,68,3,,,,4,1,,,,0,7,,,,50,1,,,,912,5,,,,23,1,,,,86,2,,,,5,1,,,,0,50,,,,0,303,,,,0,367,,,,0,604,,,,0,822,,,,110,11,,,,23,7,,,,0,41,,,,0,59,,,,12,2,,,,0,138,,,,0,189,,,,0,100,,,,537943,1595,exped tool,NHW,EeQw-177,299,exped tool,30,30
801054,29,2018-11-25,2:07:15,Geochem(2),,29,No,,,PPM,,,,0,3473,,,,99694,801,,,,364736,949,,,,0,80,,,,0,54,,,,32590,111,,,,16114,72,,,,2835,93,,,,171,12,,,,0,47,,,,437,17,,,,18577,82,,,,0,93,,,,31,4,,,,35,3,,,,60,2,,,,0,11,,,,0,6,,,,125,1,,,,439,3,,,,11,1,,,,182,2,,,,5,1,,,,0,49,,,,0,288,,,,0,349,,,,0,575,,,,0,782,,,,102,8,,,,0,97,,,,0,40,,,,0,52,,,,15,1,,,,0,130,,,,0,174,,,,0,90,,,,463842,1241,exped tool,NHW,EeQw-177,304,exped tool,30,30
801054,30,2018-11-25,2:08:48,Geochem(2),,30,No,,,PPM,,,,0,5527,,,,79472,921,,,,311877,1095,,,,0,120,,,,0,89,,,,31296,133,,,,15830,83,,,,2710,107,,,,134,14,,,,60,18,,,,383,19,,,,17643,96,,,,0,104,,,,27,5,,,,45,4,,,,60,3,,,,0,14,,,,0,7,,,,122,2,,,,427,3,,,,8,1,,,,175,2,,,,10,1,,,,9,2,,,,0,344,,,,0,418,,,,0,694,,,,0,947,,,,192,10,,,,0,110,,,,0,44,,,,0,61,,,,17,2,,,,0,155,,,,23,4,,,,0,105,,,,539480,1487,exped tool,NHW,EeQw-177,304,exped tool,30,30
801054,31,2018-11-25,2:10:21,Geochem(2),,31,No,,,PPM,,,,0,4570,,,,89363,872,,,,333300,1032,,,,0,101,,,,0,72,,,,31708,123,,,,16223,79,,,,2798,101,,,,152,13,,,,0,51,,,,390,18,,,,17814,89,,,,0,99,,,,31,4,,,,36,3,,,,63,3,,,,0,12,,,,0,6,,,,121,2,,,,432,3,,,,9,1,,,,180,2,,,,10,1,,,,0,55,,,,0,318,,,,0,388,,,,0,639,,,,0,868,,,,151,9,,,,0,108,,,,0,42,,,,0,59,,,,16,2,,,,0,143,,,,0,191,,,,0,98,,,,507202,1383,exped tool,NHW,EeQw-177,304,exped tool,30,30
801054,32,2018-11-25,2:12:00,Geochem(2),,32,No,,,PPM,,,,0,4204,,,,87278,847,,,,342937,1023,,,,0,97,,,,0,69,,,,31990,121,,,,15492,75,,,,2728,99,,,,131,12,,,,0,49,,,,405,17,,,,17645,87,,,,0,97,,,,31,4,,,,39,3,,,,58,3,,,,0,12,,,,0,6,,,,124,2,,,,426,3,,,,8,1,,,,178,2,,,,9,1,,,,0,54,,,,0,313,,,,0,380,,,,0,627,,,,0,853,,,,150,9,,,,0,107,,,,0,43,,,,0,58,,,,17,2,,,,0,142,,,,17,4,,,,0,96,,,,500337,1353,exped tool,NHW,EeQw-177,332,exped tool,30,30
801054,33,2018-11-25,2:13:15,Geochem(2),,33,No,,,PPM,,,,0,4974,,,,85293,891,,,,321502,1053,,,,0,107,,,,0,79,,,,31088,125,,,,16384,81,,,,2967,106,,,,164,14,,,,0,51,,,,397,18,,,,18027,93,,,,0,102,,,,42,5,,,,39,3,,,,59,3,,,,0,13,,,,0,7,,,,122,2,,,,437,3,,,,9,1,,,,182,2,,,,10,1,,,,9,2,,,,0,328,,,,0,400,,,,0,664,,,,0,901,,,,196,9,,,,0,106,,,,0,41,,,,0,59,,,,17,2,,,,0,147,,,,15,4,,,,0,98,,,,523041,1424,exped tool,NHW,EeQw-177,332,exped tool,30,30
801054,34,2018-11-25,2:14:37,Geochem(2),,34,No,,,PPM,,,,0,5239,,,,83503,909,,,,314668,1068,,,,0,116,,,,0,83,,,,30811,128,,,,16444,83,,,,3039,109,,,,134,13,,,,0,54,,,,419,19,,,,17780,94,,,,0,103,,,,39,5,,,,38,4,,,,61,3,,,,0,13,,,,0,7,,,,124,2,,,,436,3,,,,10,1,,,,186,2,,,,14,1,,,,7,2,,,,0,337,,,,0,408,,,,0,673,,,,0,915,,,,174,10,,,,0,110,,,,0,43,,,,0,59,,,,17,2,,,,0,152,,,,23,4,,,,0,101,,,,532073,1453,exped tool,NHW,EeQw-177,332,exped tool,30,30
801054,35,2018-11-25,2:18:09,Geochem(2),,35,No,,,PPM,,,,0,3372,,,,97934,797,,,,385416,975,,,,0,78,,,,0,53,,,,32935,112,,,,14682,70,,,,2766,94,,,,147,12,,,,0,46,,,,404,17,,,,17583,80,,,,0,91,,,,36,4,,,,41,3,,,,58,2,,,,5,1,,,,0,6,,,,121,1,,,,426,3,,,,9,1,,,,187,2,,,,8,1,,,,0,50,,,,0,295,,,,0,357,,,,0,591,,,,0,801,,,,126,8,,,,16,5,,,,0,37,,,,0,53,,,,12,1,,,,0,132,,,,0,177,,,,0,89,,,,447090,1244,exped tool,NHW,EeQw-177,362,exped tool,30,30
801054,36,2018-11-25,2:19:25,Geochem(2),,36,No,,,PPM,,,,0,3974,,,,90046,832,,,,352909,1009,,,,0,91,,,,0,64,,,,33189,121,,,,15194,73,,,,2781,98,,,,142,12,,,,0,49,,,,432,18,,,,18273,87,,,,0,97,,,,32,4,,,,47,3,,,,61,3,,,,0,13,,,,0,6,,,,129,2,,,,434,3,,,,8,1,,,,188,2,,,,11,1,,,,0,53,,,,0,308,,,,0,374,,,,0,619,,,,0,841,,,,153,9,,,,0,104,,,,0,43,,,,0,55,,,,19,2,,,,0,141,,,,22,4,,,,0,94,,,,485931,1327,exped tool,NHW,EeQw-177,362,exped tool,30,30
801054,37,2018-11-25,2:20:43,Geochem(2),,37,No,,,PPM,,,,0,3375,,,,98487,799,,,,381460,973,,,,0,79,,,,0,55,,,,32862,112,,,,14636,70,,,,2804,95,,,,152,12,,,,51,15,,,,371,16,,,,17641,81,,,,0,91,,,,32,4,,,,39,3,,,,60,2,,,,0,12,,,,0,6,,,,125,1,,,,429,3,,,,8,1,,,,180,2,,,,6,1,,,,0,50,,,,0,294,,,,0,357,,,,0,589,,,,0,800,,,,128,8,,,,0,96,,,,0,39,,,,0,50,,,,20,2,,,,0,131,,,,0,176,,,,0,89,,,,450510,1248,exped tool,NHW,EeQw-177,362,exped tool,30,30
801054,38,2018-11-25,2:23:59,Geochem(2),,38,No,,,PPM,,,,0,4592,,,,84241,863,,,,335668,1049,,,,0,103,,,,0,75,,,,32014,125,,,,14724,76,,,,2580,100,,,,136,13,,,,0,51,,,,404,18,,,,17206,88,,,,0,98,,,,26,4,,,,41,3,,,,58,3,,,,4,1,,,,0,7,,,,120,2,,,,415,3,,,,10,1,,,,182,2,,,,11,1,,,,0,55,,,,0,323,,,,0,392,,,,0,647,,,,0,877,,,,142,9,,,,0,106,,,,0,43,,,,0,57,,,,15,2,,,,0,146,,,,17,4,,,,0,97,,,,511985,1393,exped tool,NHW,EeQw-177,406,exped tool,30,30
801054,39,2018-11-25,2:25:17,Geochem(2),,39,No,,,PPM,,,,0,4086,,,,94364,847,,,,354009,1015,,,,0,93,,,,0,66,,,,32524,120,,,,14892,74,,,,2750,99,,,,145,13,,,,0,50,,,,395,17,,,,17290,85,,,,0,95,,,,31,4,,,,41,3,,,,60,3,,,,0,12,,,,0,7,,,,122,2,,,,420,3,,,,8,1,,,,184,2,,,,9,1,,,,0,53,,,,0,311,,,,0,376,,,,0,624,,,,0,845,,,,130,9,,,,0,105,,,,0,43,,,,0,58,,,,16,2,,,,0,141,,,,17,4,,,,0,94,,,,482594,1334,exped tool,NHW,EeQw-177,406,exped tool,30,30
801054,40,2018-11-25,2:26:50,Geochem(2),,40,No,,,PPM,,,,0,4063,,,,91256,834,,,,358856,1016,,,,0,90,,,,0,63,,,,33042,120,,,,14442,72,,,,2682,98,,,,164,13,,,,0,48,,,,387,17,,,,17582,85,,,,0,95,,,,32,4,,,,38,3,,,,56,3,,,,0,12,,,,0,6,,,,124,2,,,,418,3,,,,7,1,,,,188,2,,,,11,1,,,,0,53,,,,0,308,,,,0,376,,,,0,619,,,,0,840,,,,151,9,,,,0,104,,,,0,41,,,,0,57,,,,17,2,,,,0,139,,,,14,4,,,,0,94,,,,480532,1325,exped tool,NHW,EeQw-177,406,exped tool,30,30
801054,41,2018-11-25,2:29:24,Geochem(2),,41,No,,,PPM,,,,0,3997,,,,95194,844,,,,357156,1012,,,,0,90,,,,0,64,,,,32222,118,,,,14600,73,,,,2970,101,,,,137,12,,,,0,48,,,,425,18,,,,17307,84,,,,0,94,,,,34,4,,,,41,3,,,,61,3,,,,0,12,,,,0,6,,,,119,1,,,,437,3,,,,8,1,,,,184,2,,,,9,1,,,,0,53,,,,0,310,,,,0,375,,,,32,10,,,,0,842,,,,148,9,,,,0,101,,,,0,42,,,,0,56,,,,16,2,,,,0,139,,,,0,185,,,,0,94,,,,478899,1327,exped tool,NHW,EeQw-177,474,exped tool,30,30
801054,42,2018-11-25,2:31:12,Geochem(2),,42,No,,,PPM,,,,0,4396,,,,88212,857,,,,338104,1029,,,,0,99,,,,0,69,,,,32086,122,,,,15907,77,,,,2715,100,,,,134,13,,,,0,50,,,,407,18,,,,17810,89,,,,0,99,,,,30,4,,,,41,3,,,,60,3,,,,0,12,,,,0,6,,,,126,2,,,,431,3,,,,10,1,,,,187,2,,,,9,1,,,,0,54,,,,0,317,,,,0,384,,,,0,638,,,,0,862,,,,148,9,,,,0,101,,,,0,41,,,,0,55,,,,16,2,,,,0,144,,,,21,4,,,,0,98,,,,503546,1371,exped tool,NHW,EeQw-177,474,exped tool,30,30
801054,43,2018-11-25,2:32:30,Geochem(2),,43,No,,,PPM,,,,0,3936,,,,96372,832,,,,360535,1000,,,,0,88,,,,0,61,,,,32067,116,,,,14566,72,,,,2793,97,,,,118,12,,,,62,16,,,,374,17,,,,17290,83,,,,0,93,,,,29,4,,,,36,3,,,,59,3,,,,0,12,,,,0,6,,,,122,1,,,,435,3,,,,8,1,,,,179,2,,,,9,1,,,,0,52,,,,0,304,,,,0,368,,,,0,610,,,,0,830,,,,129,9,,,,0,98,,,,0,39,,,,0,55,,,,17,2,,,,0,137,,,,0,183,,,,0,92,,,,474799,1307,exped tool,NHW,EeQw-177,474,exped tool,30,30
801054,44,2018-11-25,2:34:23,Geochem(2),,44,No,,,PPM,,,,0,5583,,,,89653,943,,,,300118,1067,,,,325,75,,,,0,88,,,,31403,133,,,,21574,99,,,,4115,122,,,,151,14,,,,84,19,,,,594,22,,,,27464,130,,,,0,132,,,,44,5,,,,31,4,,,,81,3,,,,0,13,,,,0,7,,,,112,2,,,,505,3,,,,19,1,,,,218,2,,,,19,1,,,,8,2,,,,0,336,,,,0,408,,,,0,669,,,,0,909,,,,147,10,,,,0,116,,,,0,45,,,,0,64,,,,17,2,,,,0,155,,,,26,4,,,,0,103,,,,523295,1526,exped tool,NHW,EeQw-177,535,exped tool,30,30
801054,45,2018-11-25,2:35:43,Geochem(2),,45,No,,,PPM,,,,0,5385,,,,85476,926,,,,299905,1065,,,,476,76,,,,0,87,,,,31774,134,,,,21984,99,,,,4418,124,,,,154,14,,,,0,56,,,,597,22,,,,27997,131,,,,0,132,,,,44,5,,,,29,4,,,,82,3,,,,0,13,,,,0,7,,,,114,2,,,,517,3,,,,20,1,,,,230,2,,,,19,1,,,,0,58,,,,0,333,,,,0,405,,,,0,667,,,,0,904,,,,181,10,,,,0,111,,,,0,46,,,,0,59,,,,18,2,,,,0,154,,,,20,4,,,,0,104,,,,525944,1520,exped tool,NHW,EeQw-177,535,exped tool,30,30
801054,46,2018-11-25,2:37:02,Geochem(2),,46,No,,,PPM,,,,0,5954,,,,81863,939,,,,286004,1070,,,,319,75,,,,0,94,,,,31501,137,,,,21656,101,,,,4551,128,,,,177,15,,,,0,60,,,,639,23,,,,28934,138,,,,0,136,,,,45,5,,,,37,4,,,,76,3,,,,0,13,,,,0,7,,,,118,2,,,,529,4,,,,20,1,,,,229,2,,,,19,1,,,,7,2,,,,0,339,,,,0,412,,,,0,680,,,,0,919,,,,184,10,,,,0,117,,,,0,46,,,,0,59,,,,15,2,,,,0,156,,,,22,4,,,,0,105,,,,543055,1551,exped tool,NHW,EeQw-177,535,exped tool,30,30
801054,47,2018-11-25,2:39:55,Geochem(2),,47,No,,,PPM,,,,0,4992,,,,48863,698,,,,382399,1139,,,,0,103,,,,0,83,,,,1605,45,,,,0,143,,,,1425,83,,,,30,10,,,,0,43,,,,274,15,,,,11948,68,,,,0,78,,,,21,4,,,,0,16,,,,52,2,,,,3,1,,,,0,6,,,,4,1,,,,62,1,,,,27,1,,,,102,1,,,,0,36,,,,0,52,,,,0,313,,,,0,381,,,,0,630,,,,0,856,,,,128,9,,,,0,100,,,,0,41,,,,0,54,,,,5,1,,,,0,128,,,,0,175,,,,0,76,,,,553051,1297,exped tool,NHW,EeQw-177,607,exped tool,30,30
801054,48,2018-11-25,2:41:43,Geochem(2),,48,No,,,PPM,,,,0,2469,,,,66167,591,,,,501775,962,,,,0,54,,,,0,39,,,,0,84,,,,0,88,,,,1420,71,,,,51,9,,,,65,12,,,,214,12,,,,10340,52,,,,0,63,,,,32,3,,,,0,13,,,,40,2,,,,2,1,,,,0,5,,,,4,0,,,,60,1,,,,22,1,,,,98,1,,,,0,29,,,,0,42,,,,0,265,,,,0,318,,,,0,527,,,,0,717,,,,81,7,,,,0,81,,,,0,33,,,,0,44,,,,0,34,,,,26,3,,,,0,140,,,,0,63,,,,419604,1042,exped tool,NHW,EeQw-177,607,exped tool,30,30
801054,49,2018-11-25,2:42:59,Geochem(2),,49,No,,,PPM,,,,0,5019,,,,49044,700,,,,383228,1142,,,,0,101,,,,0,83,,,,1763,46,,,,0,145,,,,1194,80,,,,47,10,,,,0,43,,,,287,15,,,,12111,69,,,,0,79,,,,28,4,,,,0,16,,,,51,2,,,,3,1,,,,0,6,,,,4,1,,,,66,1,,,,25,1,,,,104,1,,,,4,1,,,,0,52,,,,0,314,,,,0,382,,,,0,630,,,,0,855,,,,146,9,,,,0,98,,,,0,39,,,,0,54,,,,5,1,,,,0,128,,,,0,175,,,,0,77,,,,551890,1301,exped tool,NHW,EeQw-177,607,exped tool,30,30
801054,50,2018-11-25,2:54:42,Geochem(2),,50,No,,,PPM,,,,0,5254,,,,86902,922,,,,327355,1085,,,,0,114,,,,0,83,,,,31861,131,,,,15698,82,,,,2865,108,,,,118,13,,,,0,53,,,,396,19,,,,17483,93,,,,0,102,,,,28,5,,,,48,4,,,,63,3,,,,0,13,,,,0,7,,,,122,2,,,,431,3,,,,11,1,,,,181,2,,,,13,1,,,,10,2,,,,0,338,,,,0,413,,,,0,677,,,,0,920,,,,178,10,,,,0,110,,,,0,45,,,,0,61,,,,19,2,,,,0,153,,,,22,4,,,,0,104,,,,516196,1460,exped tool,NHW,EeQw-177,702,exped tool,30,30
801054,51,2018-11-25,2:56:13,Geochem(2),,51,No,,,PPM,,,,0,4815,,,,87802,876,,,,326768,1035,,,,0,105,,,,0,74,,,,31179,123,,,,16177,79,,,,2838,102,,,,139,13,,,,0,51,,,,436,18,,,,18105,91,,,,0,100,,,,28,4,,,,40,3,,,,68,3,,,,0,13,,,,0,6,,,,123,2,,,,436,3,,,,8,1,,,,179,2,,,,12,1,,,,0,55,,,,0,322,,,,0,391,,,,0,644,,,,0,876,,,,147,9,,,,0,105,,,,0,41,,,,0,59,,,,15,2,,,,0,147,,,,21,4,,,,0,98,,,,515480,1396,exped tool,NHW,EeQw-177,702,exped tool,30,30
801054,52,2018-11-25,2:57:32,Geochem(2),,52,No,,,PPM,,,,0,3840,,,,98509,827,,,,358206,981,,,,0,86,,,,205,35,,,,32487,115,,,,15659,73,,,,3087,99,,,,135,12,,,,0,48,,,,413,17,,,,18283,85,,,,0,94,,,,40,4,,,,33,3,,,,61,3,,,,4,1,,,,0,6,,,,124,1,,,,437,3,,,,8,1,,,,180,2,,,,8,1,,,,0,51,,,,0,300,,,,0,363,,,,0,597,,,,0,809,,,,105,8,,,,0,101,,,,0,41,,,,0,55,,,,14,1,,,,0,136,,,,13,4,,,,0,92,,,,471988,1291,exped tool,NHW,EeQw-177,702,exped tool,30,30
801054,53,2018-11-25,2:59:13,Geochem(2),,53,No,,,PPM,,,,0,4205,,,,99195,865,,,,331386,993,,,,0,96,,,,0,67,,,,28174,110,,,,21544,88,,,,3298,104,,,,136,13,,,,62,16,,,,407,18,,,,22259,100,,,,0,108,,,,48,5,,,,62,4,,,,70,3,,,,0,12,,,,0,7,,,,114,1,,,,477,3,,,,7,1,,,,166,2,,,,6,1,,,,0,52,,,,0,307,,,,0,374,,,,0,617,,,,0,836,,,,151,9,,,,0,95,,,,0,39,,,,6,2,,,,13,2,,,,0,139,,,,16,4,,,,0,94,,,,492401,1359,exped tool,NHW,EeQw-177,715,exped tool,30,30
801054,54,2018-11-25,3:00:44,Geochem(2),,54,No,,,PPM,,,,0,4667,,,,96040,901,,,,325849,1037,,,,0,105,,,,0,74,,,,28477,116,,,,20512,90,,,,2862,104,,,,138,13,,,,61,17,,,,417,18,,,,21060,101,,,,0,110,,,,52,5,,,,60,4,,,,59,3,,,,0,12,,,,0,7,,,,110,2,,,,451,3,,,,7,1,,,,162,2,,,,5,1,,,,0,55,,,,0,322,,,,0,391,,,,0,649,,,,0,880,,,,168,9,,,,0,109,,,,0,44,,,,0,60,,,,16,2,,,,0,144,,,,0,193,,,,0,99,,,,503494,1420,exped tool,NHW,EeQw-177,715,exped tool,30,30
801054,55,2018-11-25,3:03:22,Geochem(2),,55,No,,,PPM,,,,0,4515,,,,93183,874,,,,333347,1025,,,,0,99,,,,0,72,,,,30091,118,,,,19782,87,,,,3111,105,,,,138,13,,,,50,16,,,,430,18,,,,20541,98,,,,0,106,,,,37,5,,,,60,4,,,,64,3,,,,0,13,,,,0,7,,,,116,2,,,,473,3,,,,10,1,,,,169,2,,,,7,1,,,,0,54,,,,0,318,,,,0,387,,,,0,636,,,,0,867,,,,161,9,,,,0,105,,,,0,43,,,,0,56,,,,18,2,,,,0,143,,,,0,191,,,,0,98,,,,498213,1389,exped tool,NHW,EeQw-177,769,exped tool,30,30
801054,56,2018-11-25,3:04:36,Geochem(2),,56,No,,,PPM,,,,0,4022,,,,95492,836,,,,343522,989,,,,0,91,,,,0,64,,,,30047,112,,,,19754,83,,,,3080,101,,,,154,13,,,,0,48,,,,416,17,,,,21194,95,,,,0,104,,,,38,4,,,,51,3,,,,65,3,,,,0,12,,,,0,6,,,,118,1,,,,480,3,,,,7,1,,,,168,2,,,,6,1,,,,0,51,,,,0,303,,,,0,368,,,,0,608,,,,0,825,,,,149,9,,,,0,101,,,,0,41,,,,0,55,,,,13,2,,,,0,136,,,,0,182,,,,0,94,,,,485246,1329,exped tool,NHW,EeQw-177,769,exped tool,30,30
801054,57,2018-11-25,3:05:56,Geochem(2),,57,No,,,PPM,,,,0,3807,,,,101453,827,,,,354914,972,,,,0,85,,,,0,59,,,,30569,110,,,,19620,81,,,,3189,100,,,,141,12,,,,75,16,,,,383,17,,,,20991,92,,,,0,102,,,,36,4,,,,65,4,,,,66,3,,,,3,1,,,,0,6,,,,117,1,,,,479,3,,,,9,1,,,,167,2,,,,7,1,,,,0,51,,,,0,298,,,,0,362,,,,0,599,,,,0,811,,,,139,9,,,,0,100,,,,0,41,,,,0,55,,,,14,2,,,,0,134,,,,0,180,,,,0,93,,,,467563,1296,exped tool,NHW,EeQw-177,769,exped tool,30,30
801054,58,2018-11-25,3:07:34,Geochem(2),,58,No,,,PPM,,,,0,4407,,,,92418,863,,,,334857,1019,,,,0,100,,,,0,70,,,,30562,118,,,,15571,76,,,,2771,100,,,,148,13,,,,0,49,,,,397,17,,,,17401,87,,,,0,97,,,,36,4,,,,35,3,,,,64,3,,,,0,13,,,,0,7,,,,121,2,,,,416,3,,,,10,1,,,,179,2,,,,7,1,,,,0,54,,,,0,315,,,,0,382,,,,0,632,,,,0,857,,,,119,9,,,,0,102,,,,0,42,,,,0,56,,,,18,2,,,,0,143,,,,18,4,,,,0,95,,,,504851,1364,exped tool,NHW,EeQw-177,812,exped tool,30,30
801054,59,2018-11-25,3:09:36,Geochem(2),,59,No,,,PPM,,,,0,6090,,,,80822,946,,,,291540,1084,,,,0,129,,,,0,98,,,,29879,132,,,,16591,87,,,,2893,111,,,,150,14,,,,0,56,,,,431,20,,,,17994,100,,,,0,108,,,,31,5,,,,39,4,,,,63,3,,,,0,13,,,,0,8,,,,123,2,,,,434,3,,,,12,1,,,,184,2,,,,12,1,,,,11,2,,,,0,347,,,,0,423,,,,0,699,,,,0,951,,,,186,10,,,,0,111,,,,0,46,,,,7,2,,,,16,2,,,,0,161,,,,39,4,,,,0,107,,,,558541,1511,exped tool,NHW,EeQw-177,812,exped tool,30,30
801054,60,2018-11-25,3:11:06,Geochem(2),,60,No,,,PPM,,,,0,4615,,,,90524,873,,,,332437,1033,,,,0,104,,,,0,74,,,,30604,120,,,,15561,77,,,,2728,101,,,,125,13,,,,0,51,,,,393,18,,,,17443,88,,,,0,98,,,,38,4,,,,33,3,,,,65,3,,,,0,13,,,,0,6,,,,119,2,,,,420,3,,,,10,1,,,,179,2,,,,11,1,,,,0,55,,,,0,321,,,,0,389,,,,0,642,,,,0,869,,,,129,9,,,,0,109,,,,0,44,,,,0,59,,,,17,2,,,,0,144,,,,14,4,,,,0,98,,,,509151,1384,exped tool,NHW,EeQw-177,812,exped tool,30,30
801054,61,2018-11-25,3:13:14,Geochem(2),,61,No,,,PPM,,,,0,5038,,,,83181,894,,,,326160,1079,,,,0,113,,,,0,82,,,,31057,128,,,,15164,79,,,,2558,103,,,,142,13,,,,0,53,,,,362,18,,,,16914,91,,,,0,99,,,,39,5,,,,51,4,,,,57,3,,,,4,1,,,,0,7,,,,123,2,,,,410,3,,,,10,1,,,,180,2,,,,12,1,,,,6,2,,,,0,336,,,,0,410,,,,0,676,,,,0,918,,,,194,10,,,,0,109,,,,0,44,,,,0,59,,,,14,2,,,,0,151,,,,19,4,,,,6,2,,,,523337,1445,exped tool,NHW,EeQw-177,844,exped tool,30,30
801054,62,2018-11-25,3:15:00,Geochem(2),,62,No,,,PPM,,,,0,4249,,,,87962,830,,,,348540,1014,,,,0,94,,,,0,65,,,,32569,120,,,,14829,73,,,,2742,99,,,,147,13,,,,57,16,,,,407,17,,,,18066,87,,,,0,97,,,,36,4,,,,51,3,,,,56,3,,,,0,12,,,,0,6,,,,123,2,,,,420,3,,,,11,1,,,,180,2,,,,7,1,,,,0,53,,,,0,311,,,,0,378,,,,0,630,,,,0,854,,,,190,9,,,,0,103,,,,0,42,,,,0,55,,,,19,2,,,,0,138,,,,0,185,,,,0,95,,,,493589,1335,exped tool,NHW,EeQw-177,844,exped tool,30,30
801054,63,2018-11-25,3:16:18,Geochem(2),,63,No,,,PPM,,,,0,4683,,,,86750,878,,,,338011,1065,,,,0,105,,,,0,74,,,,31556,125,,,,15108,78,,,,2671,103,,,,143,13,,,,0,51,,,,385,18,,,,16836,88,,,,0,99,,,,46,5,,,,46,4,,,,62,3,,,,0,13,,,,0,7,,,,123,2,,,,413,3,,,,6,1,,,,181,2,,,,11,1,,,,5,2,,,,0,331,,,,0,402,,,,0,664,,,,0,902,,,,158,9,,,,0,109,,,,0,45,,,,0,58,,,,18,2,,,,0,148,,,,14,4,,,,0,101,,,,507455,1414,exped tool,NHW,EeQw-177,844,exped tool,30,30
801054,64,2018-11-25,3:18:08,Geochem(2),,64,No,,,PPM,,,,0,3123,,,,107830,768,,,,381640,909,,,,0,73,,,,139,31,,,,31605,103,,,,19615,75,,,,3213,94,,,,142,11,,,,74,15,,,,411,16,,,,22053,88,,,,0,97,,,,46,4,,,,63,3,,,,65,2,,,,0,11,,,,0,6,,,,119,1,,,,494,3,,,,8,1,,,,172,2,,,,4,1,,,,0,46,,,,0,277,,,,0,333,,,,0,550,,,,0,749,,,,104,8,,,,15,5,,,,0,36,,,,0,51,,,,13,1,,,,14,4,,,,0,165,,,,0,86,,,,432160,1182,exped tool,NHW,EeQw-177,855,exped tool,30,30
801054,65,2018-11-25,3:19:25,Geochem(2),,65,No,,,PPM,,,,0,3852,,,,99578,824,,,,359079,983,,,,0,87,,,,0,60,,,,30374,110,,,,19715,82,,,,3109,100,,,,138,12,,,,75,16,,,,392,17,,,,20993,93,,,,0,101,,,,39,4,,,,77,4,,,,64,3,,,,0,12,,,,0,6,,,,113,1,,,,472,3,,,,7,1,,,,168,2,,,,5,1,,,,0,51,,,,0,302,,,,0,366,,,,0,604,,,,0,824,,,,143,9,,,,0,102,,,,0,41,,,,0,54,,,,15,2,,,,0,134,,,,0,180,,,,0,93,,,,465443,1302,exped tool,NHW,EeQw-177,855,exped tool,30,30
801054,66,2018-11-25,3:21:19,Geochem(2),,66,No,,,PPM,,,,0,6670,,,,72890,953,,,,290033,1129,,,,0,137,,,,0,107,,,,30470,140,,,,15689,87,,,,2859,114,,,,146,15,,,,0,58,,,,392,20,,,,17515,102,,,,0,110,,,,50,5,,,,49,4,,,,68,3,,,,0,15,,,,0,7,,,,129,2,,,,425,3,,,,8,1,,,,190,2,,,,17,1,,,,9,2,,,,0,366,,,,0,445,,,,0,738,,,,0,1006,,,,246,11,,,,0,122,,,,0,48,,,,0,65,,,,18,2,,,,0,166,,,,30,4,,,,0,112,,,,568765,1560,exped tool,NHW,EeQw-177,1022,exped tool,30,30
801054,67,2018-11-25,3:23:12,Geochem(2),,67,No,,,PPM,,,,0,4063,,,,96119,849,,,,345673,1003,,,,0,93,,,,0,67,,,,33229,122,,,,14898,74,,,,2747,98,,,,131,12,,,,0,48,,,,359,17,,,,16517,82,,,,0,94,,,,33,4,,,,41,3,,,,64,3,,,,3,1,,,,0,6,,,,128,2,,,,425,3,,,,11,1,,,,187,2,,,,11,1,,,,0,53,,,,0,312,,,,0,379,,,,0,622,,,,0,846,,,,128,9,,,,0,104,,,,0,43,,,,6,2,,,,14,2,,,,0,141,,,,17,4,,,,0,95,,,,489260,1333,exped tool,NHW,EeQw-177,1022,exped tool,30,30
801054,68,2018-11-25,3:24:34,Geochem(2),,68,No,,,PPM,,,,0,7482,,,,68452,978,,,,280380,1157,,,,0,154,,,,0,118,,,,30348,146,,,,15934,91,,,,2722,116,,,,135,15,,,,0,59,,,,422,21,,,,17757,107,,,,0,114,,,,42,5,,,,48,4,,,,60,3,,,,0,15,,,,0,8,,,,128,2,,,,432,3,,,,11,1,,,,197,2,,,,17,1,,,,15,2,,,,0,378,,,,0,462,,,,0,762,,,,0,1041,,,,271,11,,,,0,126,,,,0,53,,,,0,69,,,,18,2,,,,0,171,,,,27,4,,,,8,2,,,,582575,1609,exped tool,NHW,EeQw-177,1022,exped tool,30,30
801054,69,2018-11-25,3:26:31,Geochem(2),,69,No,,,PPM,,,,0,4910,,,,84618,871,,,,314929,1028,,,,302,69,,,,198,39,,,,31264,124,,,,15788,78,,,,2754,102,,,,147,13,,,,64,17,,,,422,18,,,,18156,92,,,,0,101,,,,33,4,,,,37,3,,,,63,3,,,,5,1,,,,0,7,,,,121,2,,,,428,3,,,,11,1,,,,179,2,,,,9,1,,,,0,55,,,,0,324,,,,0,395,,,,0,653,,,,0,888,,,,184,9,,,,0,108,,,,0,44,,,,0,57,,,,14,2,,,,0,145,,,,15,4,,,,0,97,,,,530260,1402,exped tool,NHW,EeQw-177,1068,exped tool,30,30
801054,70,2018-11-25,3:27:57,Geochem(2),,70,No,,,PPM,,,,0,5872,,,,77513,906,,,,294142,1058,,,,394,74,,,,156,42,,,,30564,131,,,,16126,83,,,,2692,106,,,,143,13,,,,0,54,,,,410,19,,,,18072,97,,,,0,105,,,,33,5,,,,42,4,,,,66,3,,,,0,14,,,,0,7,,,,124,2,,,,438,3,,,,10,1,,,,180,2,,,,9,1,,,,7,2,,,,0,340,,,,0,415,,,,0,687,,,,0,937,,,,210,10,,,,0,114,,,,0,45,,,,0,62,,,,20,2,,,,0,151,,,,14,4,,,,0,102,,,,558636,1466,exped tool,NHW,EeQw-177,1068,exped tool,30,30
801054,71,2018-11-25,3:29:17,Geochem(2),,71,No,,,PPM,,,,0,5312,,,,83698,890,,,,311945,1048,,,,491,73,,,,146,41,,,,31066,127,,,,15854,80,,,,2848,105,,,,153,13,,,,0,53,,,,432,19,,,,18023,94,,,,0,102,,,,32,5,,,,42,4,,,,62,3,,,,4,1,,,,0,7,,,,122,2,,,,430,3,,,,10,1,,,,173,2,,,,9,1,,,,7,2,,,,0,332,,,,0,404,,,,0,668,,,,0,908,,,,188,10,,,,0,109,,,,0,43,,,,0,61,,,,18,2,,,,0,148,,,,20,4,,,,6,2,,,,534223,1433,exped tool,NHW,EeQw-177,1068,exped tool,30,30
801054,72,2018-11-25,3:32:07,Geochem(2),,72,No,,,PPM,,,,0,6484,,,,61592,890,,,,241906,1034,,,,553,75,,,,841,46,,,,21417,110,,,,21153,102,,,,3311,112,,,,103,13,,,,0,56,,,,673,23,,,,26965,138,,,,0,130,,,,55,5,,,,151,6,,,,445,7,,,,80,8,,,,3,1,,,,119,2,,,,236,2,,,,41,2,,,,300,3,,,,24,1,,,,0,58,,,,0,324,,,,55,8,,,,0,641,,,,0,866,,,,93,10,,,,0,166,,,,0,72,,,,16,3,,,,1507,12,,,,0,159,,,,18,4,,,,0,97,,,,618343,1521,blank,NHW,source,1,blank,30,30
